{"trajectory train mase":0.378799170255661,"mean val loss":1.1569255590438843,"train jac loss":8.814865112304688,"_step":33,"loop_closure train_loss":6.333821773529053,"_runtime":1539.604222,"epoch":16,"_timestamp":1.763530169761386e+09,"train jac r2_score":0.8182333707809448,"train jac norm":17.273103713989258,"trajectory train r2_score":0.9997542500495911,"trajectory train_loss":0.043808747082948685,"trainer/global_step":424,"alpha teacher forcing":0.7174768447875977,"total train loss":0.0501425676047802,"trajectory val mase":0.7634857892990112,"val loop closure loss":87.74952697753906,"percent_improvement":0,"train l1 norm":88784.703125,"val jac r2_score":0.602512001991272,"_wandb":{"runtime":1540},"val jac loss":41.647003173828125,"loop_closure train mse":0.006333821918815374,"trajectory val_loss":1.1569255590438843,"trajectory val r2_score":0.9935070276260376}